{
  "timestamp": "2025-09-30T03:03:10.220263",
  "frame": 150,
  "lstm_predictions": [
    4.473813056945801,
    4.766688823699951,
    3.9346179962158203,
    2.896637201309204,
    1.9751583337783813,
    1.1413413286209106,
    0.9121288657188416,
    0.659991443157196,
    0.4680338501930237,
    0.3370710015296936
  ],
  "linear_predictions": [
    14.77471264367816,
    14.82899517982944,
    14.883277715980718,
    14.937560252131998,
    14.991842788283277,
    15.046125324434556,
    15.100407860585836,
    15.154690396737115,
    15.208972932888393,
    15.263255469039674
  ],
  "window_size": 30,
  "steps": 10
}