{
  "timestamp": "2025-09-30T03:15:01.314141",
  "frame": 90,
  "lstm_predictions": [
    0.8067325353622437,
    0.7346794605255127,
    0.6372845768928528,
    0.531648576259613,
    0.42156878113746643,
    0.3078162968158722,
    0.27544960379600525,
    0.24582991003990173,
    0.22102773189544678,
    0.20195846259593964
  ],
  "linear_predictions": [
    -1.2896551724137915,
    -1.650278086763068,
    -2.0109010011123445,
    -2.371523915461621,
    -2.7321468298108975,
    -3.092769744160176,
    -3.4533926585094523,
    -3.814015572858729,
    -4.174638487208005,
    -4.535261401557282
  ],
  "window_size": 30,
  "steps": 10
}