{
  "timestamp": "2025-09-30T03:04:50.178429",
  "frame": 300,
  "lstm_predictions": [
    5.922385215759277,
    5.564294338226318,
    4.927937030792236,
    3.7795064449310303,
    2.6258554458618164,
    1.476022481918335,
    1.1250429153442383,
    0.8063655495643616,
    0.5524128675460815,
    0.3795865774154663
  ],
  "linear_predictions": [
    12.721839080459773,
    12.43507601038191,
    12.148312940304045,
    11.861549870226181,
    11.574786800148317,
    11.288023730070453,
    11.001260659992589,
    10.714497589914723,
    10.427734519836859,
    10.140971449758995
  ],
  "window_size": 30,
  "steps": 10
}