{
  "timestamp": "2025-09-30T03:04:31.130559",
  "frame": 270,
  "lstm_predictions": [
    17.841449737548828,
    16.51306915283203,
    17.39794158935547,
    18.165658950805664,
    19.178585052490234,
    20.477535247802734,
    20.845361709594727,
    22.196636199951172,
    23.594181060791016,
    25.11512565612793
  ],
  "linear_predictions": [
    16.960919540229884,
    16.93689284390063,
    16.912866147571375,
    16.88883945124212,
    16.864812754912865,
    16.84078605858361,
    16.816759362254356,
    16.7927326659251,
    16.768705969595846,
    16.74467927326659
  ],
  "window_size": 30,
  "steps": 10
}