{
  "timestamp": "2025-09-30T12:47:00.347152",
  "frame": 30,
  "lstm_predictions": [
    2.766632556915283,
    2.106328010559082,
    1.4908093214035034,
    0.8654309511184692,
    0.4366180896759033,
    0.15585027635097504,
    0.11016508936882019,
    0.08090446889400482,
    0.06238672882318497,
    0.05266691371798515
  ],
  "linear_predictions": [
    15.92873563218391,
    15.926288468668893,
    15.923841305153877,
    15.92139414163886,
    15.918946978123843,
    15.916499814608827,
    15.91405265109381,
    15.911605487578793,
    15.909158324063776,
    15.90671116054876
  ],
  "window_size": 30,
  "steps": 10
}