{
  "timestamp": "2025-09-30T03:03:50.831550",
  "frame": 210,
  "lstm_predictions": [
    9.097164154052734,
    7.767583847045898,
    6.266452312469482,
    4.750350475311279,
    3.2833399772644043,
    1.8908233642578125,
    1.3065741062164307,
    0.8770850896835327,
    0.5779827833175659,
    0.3816938102245331
  ],
  "linear_predictions": [
    20.468965517241383,
    20.58954393770857,
    20.710122358175752,
    20.83070077864294,
    20.951279199110125,
    21.071857619577308,
    21.192436040044498,
    21.31301446051168,
    21.433592880978868,
    21.554171301446054
  ],
  "window_size": 30,
  "steps": 10
}