{
  "timestamp": "2025-09-30T03:03:30.563653",
  "frame": 180,
  "lstm_predictions": [
    13.76017951965332,
    14.791206359863281,
    14.816608428955078,
    13.431530952453613,
    11.850234031677246,
    10.728858947753906,
    10.257789611816406,
    9.157072067260742,
    7.797359943389893,
    6.592564582824707
  ],
  "linear_predictions": [
    16.46666666666667,
    16.453763440860218,
    16.440860215053764,
    16.427956989247313,
    16.415053763440863,
    16.40215053763441,
    16.38924731182796,
    16.376344086021508,
    16.363440860215057,
    16.350537634408603
  ],
  "window_size": 30,
  "steps": 10
}