{
  "timestamp": "2025-09-30T03:02:50.283539",
  "frame": 120,
  "lstm_predictions": [
    3.697550058364868,
    3.0048539638519287,
    2.5158283710479736,
    1.8421714305877686,
    1.1290435791015625,
    0.5248808860778809,
    0.37918996810913086,
    0.2729555368423462,
    0.19436292350292206,
    0.1424560844898224
  ],
  "linear_predictions": [
    12.586206896551726,
    12.527252502780868,
    12.468298109010012,
    12.409343715239157,
    12.350389321468299,
    12.291434927697443,
    12.232480533926587,
    12.17352614015573,
    12.114571746384874,
    12.055617352614018
  ],
  "window_size": 30,
  "steps": 10
}