{
  "timestamp": "2025-09-30T03:05:26.200096",
  "frame": 360,
  "lstm_predictions": [
    9.824971199035645,
    9.704217910766602,
    9.211299896240234,
    7.698358058929443,
    5.443143367767334,
    3.3474066257476807,
    2.5585567951202393,
    1.7312737703323364,
    1.0320557355880737,
    0.5853700041770935
  ],
  "linear_predictions": [
    17.98390804597701,
    18.09469781238413,
    18.20548757879125,
    18.316277345198365,
    18.427067111605485,
    18.537856878012605,
    18.648646644419724,
    18.759436410826844,
    18.87022617723396,
    18.981015943641083
  ],
  "window_size": 30,
  "steps": 10
}