{
  "timestamp": "2025-09-30T03:06:06.597099",
  "frame": 420,
  "lstm_predictions": [
    8.340699195861816,
    8.393780708312988,
    7.29702615737915,
    5.847366809844971,
    3.9755003452301025,
    2.3429911136627197,
    1.8011889457702637,
    1.2440241575241089,
    0.815437912940979,
    0.5275596380233765
  ],
  "linear_predictions": [
    18.386206896551727,
    18.26273637374861,
    18.139265850945495,
    18.01579532814238,
    17.892324805339268,
    17.768854282536154,
    17.645383759733036,
    17.521913236929922,
    17.39844271412681,
    17.274972191323695
  ],
  "window_size": 30,
  "steps": 10
}