{
  "timestamp": "2025-09-30T13:09:54.587323",
  "frame": 30,
  "lstm_predictions": [
    0.5448073148727417,
    0.4638182818889618,
    0.3757372200489044,
    0.2930666506290436,
    0.21941258013248444,
    0.15407386422157288,
    0.13690561056137085,
    0.12328067421913147,
    0.11324071139097214,
    0.10617116838693619
  ],
  "linear_predictions": [
    2.27816091954023,
    2.2487949573600297,
    2.2194289951798294,
    2.190063032999629,
    2.1606970708194293,
    2.1313311086392286,
    2.1019651464590288,
    2.0725991842788285,
    2.0432332220986282,
    2.013867259918428
  ],
  "window_size": 30,
  "steps": 10
}