{
  "timestamp": "2025-09-30T03:23:18.967838",
  "frame": 30,
  "lstm_predictions": [
    12.656990051269531,
    13.121068000793457,
    13.733155250549316,
    14.081229209899902,
    14.871167182922363,
    14.037483215332031,
    14.672286033630371,
    15.2911958694458,
    15.807573318481445,
    16.316923141479492
  ],
  "linear_predictions": [
    13.88045977011494,
    14.100704486466443,
    14.320949202817944,
    14.541193919169446,
    14.761438635520948,
    14.981683351872448,
    15.20192806822395,
    15.422172784575453,
    15.642417500926953,
    15.862662217278455
  ],
  "window_size": 30,
  "steps": 10
}