{
  "timestamp": "2025-09-30T13:10:09.918146",
  "frame": 60,
  "lstm_predictions": [
    0.8235187530517578,
    0.6814073324203491,
    0.5444205403327942,
    0.4124491214752197,
    0.2895364463329315,
    0.18068218231201172,
    0.15201327204704285,
    0.12996581196784973,
    0.11356661468744278,
    0.10221652686595917
  ],
  "linear_predictions": [
    3.022988505747126,
    3.0158694846125322,
    3.0087504634779383,
    3.0016314423433443,
    2.9945124212087504,
    2.9873934000741564,
    2.9802743789395625,
    2.973155357804968,
    2.966036336670374,
    2.95891731553578
  ],
  "window_size": 30,
  "steps": 10
}