{
  "timestamp": "2025-09-30T03:05:04.403980",
  "frame": 330,
  "lstm_predictions": [
    8.962060928344727,
    9.185644149780273,
    8.112586975097656,
    7.4345526695251465,
    6.10249137878418,
    3.951017141342163,
    3.3037660121917725,
    2.5070905685424805,
    1.83013916015625,
    1.2569791078567505
  ],
  "linear_predictions": [
    15.744827586206897,
    15.760622914349277,
    15.776418242491657,
    15.792213570634038,
    15.808008898776418,
    15.8238042269188,
    15.839599555061179,
    15.855394883203559,
    15.87119021134594,
    15.88698553948832
  ],
  "window_size": 30,
  "steps": 10
}