{
  "timestamp": "2025-09-30T03:04:10.750715",
  "frame": 240,
  "lstm_predictions": [
    3.689610719680786,
    3.2281486988067627,
    2.3111438751220703,
    1.497867465019226,
    0.7983188629150391,
    0.27438241243362427,
    0.1985890120267868,
    0.1399684101343155,
    0.1027134507894516,
    0.08084766566753387
  ],
  "linear_predictions": [
    17.101149425287357,
    17.08401928068224,
    17.066889136077123,
    17.049758991472007,
    17.032628846866892,
    17.015498702261773,
    16.998368557656658,
    16.98123841305154,
    16.964108268446424,
    16.946978123841305
  ],
  "window_size": 30,
  "steps": 10
}