{
  "timestamp": "2025-09-30T03:05:47.489533",
  "frame": 390,
  "lstm_predictions": [
    14.25940990447998,
    13.033380508422852,
    12.361623764038086,
    11.088607788085938,
    9.172733306884766,
    6.826939105987549,
    5.495294094085693,
    4.204547882080078,
    2.968269109725952,
    1.9662764072418213
  ],
  "linear_predictions": [
    19.832183908045977,
    19.984797923618835,
    20.137411939191693,
    20.290025954764552,
    20.44263997033741,
    20.59525398591027,
    20.747868001483127,
    20.900482017055985,
    21.053096032628844,
    21.205710048201702
  ],
  "window_size": 30,
  "steps": 10
}