{
  "timestamp": "2025-09-30T12:47:16.997509",
  "frame": 60,
  "lstm_predictions": [
    11.565762519836426,
    11.2105131149292,
    11.144432067871094,
    10.01692008972168,
    8.12868595123291,
    6.265272617340088,
    5.415751934051514,
    4.410964012145996,
    3.2743306159973145,
    2.296657085418701
  ],
  "linear_predictions": [
    15.478160919540228,
    15.46169818316648,
    15.445235446792731,
    15.428772710418983,
    15.412309974045234,
    15.395847237671486,
    15.379384501297737,
    15.362921764923989,
    15.346459028550239,
    15.32999629217649
  ],
  "window_size": 30,
  "steps": 10
}