{
  "timestamp": "2025-09-30T03:23:35.733260",
  "frame": 60,
  "lstm_predictions": [
    12.174707412719727,
    12.806907653808594,
    12.270179748535156,
    12.695764541625977,
    13.3480806350708,
    15.159662246704102,
    15.95356273651123,
    16.80352783203125,
    18.37323760986328,
    20.339479446411133
  ],
  "linear_predictions": [
    11.05977011494253,
    11.014163885799036,
    10.968557656655545,
    10.922951427512052,
    10.877345198368559,
    10.831738969225066,
    10.786132740081573,
    10.74052651093808,
    10.694920281794587,
    10.649314052651095
  ],
  "window_size": 30,
  "steps": 10
}